famille,palier,hex,palier nomme,oklch
coquelicot,50,#FEF2F1,oui,oklch(97.0% 0.0135 22.0)
coquelicot,100,#FCDEDC,oui,oklch(92.4% 0.0340 22.0)
coquelicot,150,#FFC7C4,non,oklch(87.9% 0.0641 22.0)
coquelicot,200,#FFB1AD,oui,oklch(83.3% 0.0921 22.0)
coquelicot,250,#FF9996,non,oklch(78.8% 0.1229 22.0)
coquelicot,300,#FF7F7E,oui,oklch(74.2% 0.1566 22.0)
coquelicot,350,#F36D6D,non,oklch(69.7% 0.1657 22.0)
coquelicot,400,#E45C5F,oui,oklch(65.1% 0.1696 22.0)
coquelicot,450,#D44E52,non,oklch(60.6% 0.1693 22.0)
coquelicot,500,#C24146,oui,oklch(56.0% 0.1647 22.0)
coquelicot,550,#AF373C,non,oklch(51.4% 0.1564 22.0)
coquelicot,600,#9B2E33,oui,oklch(46.9% 0.1445 22.0)
coquelicot,650,#87272C,non,oklch(42.3% 0.1295 22.0)
coquelicot,700,#722225,oui,oklch(37.8% 0.1119 22.0)
coquelicot,750,#5C1E1F,non,oklch(33.2% 0.0920 22.0)
coquelicot,800,#471A1A,oui,oklch(28.7% 0.0704 22.0)
coquelicot,850,#331515,non,oklch(24.1% 0.0475 22.0)
coquelicot,900,#1F1110,oui,oklch(19.6% 0.0239 22.0)
coquelicot,950,#0B0B0B,oui,oklch(15.0% 0.0000 22.0)
framboise,50,#FCF2F7,oui,oklch(97.0% 0.0135 345.0)
framboise,100,#F8DDEB,oui,oklch(92.4% 0.0340 345.0)
framboise,150,#FFC2E3,non,oklch(87.9% 0.0809 345.0)
framboise,200,#FEAAD9,oui,oklch(83.3% 0.1135 345.0)
framboise,250,#F597CD,non,oklch(78.8% 0.1296 345.0)
framboise,300,#EA85C0,oui,oklch(74.2% 0.1414 345.0)
framboise,350,#DD74B2,non,oklch(69.7% 0.1491 345.0)
framboise,400,#CF65A5,oui,oklch(65.1% 0.1527 345.0)
framboise,450,#BF5796,non,oklch(60.6% 0.1523 345.0)
framboise,500,#AE4B88,oui,oklch(56.0% 0.1483 345.0)
framboise,550,#9D407A,non,oklch(51.4% 0.1407 345.0)
framboise,600,#8B376B,oui,oklch(46.9% 0.1300 345.0)
framboise,650,#782F5C,non,oklch(42.3% 0.1166 345.0)
framboise,700,#65284E,oui,oklch(37.8% 0.1007 345.0)
framboise,750,#532240,non,oklch(33.2% 0.0828 345.0)
framboise,800,#401C32,oui,oklch(28.7% 0.0634 345.0)
framboise,850,#2E1724,non,oklch(24.1% 0.0428 345.0)
framboise,900,#1C1117,oui,oklch(19.6% 0.0215 345.0)
framboise,950,#0B0B0B,oui,oklch(15.0% 0.0000 345.0)
lavande,50,#F4F4FE,oui,oklch(97.0% 0.0135 285.0)
lavande,100,#E3E3FD,oui,oklch(92.4% 0.0340 285.0)
lavande,150,#D2D2FF,non,oklch(87.9% 0.0615 285.0)
lavande,200,#C2C1FF,oui,oklch(83.3% 0.0863 285.0)
lavande,250,#B2B0FF,non,oklch(78.8% 0.1119 285.0)
lavande,300,#A39EFF,oui,oklch(74.2% 0.1386 285.0)
lavande,350,#958EF5,non,oklch(69.7% 0.1491 285.0)
lavande,400,#877FE8,oui,oklch(65.1% 0.1527 285.0)
lavande,450,#7A71D8,non,oklch(60.6% 0.1523 285.0)
lavande,500,#6E64C7,oui,oklch(56.0% 0.1483 285.0)
lavande,550,#6158B4,non,oklch(51.4% 0.1407 285.0)
lavande,600,#554C9F,oui,oklch(46.9% 0.1300 285.0)
lavande,650,#49428A,non,oklch(42.3% 0.1166 285.0)
lavande,700,#3E3874,oui,oklch(37.8% 0.1007 285.0)
lavande,750,#322E5E,non,oklch(33.2% 0.0828 285.0)
lavande,800,#282548,oui,oklch(28.7% 0.0634 285.0)
lavande,850,#1D1C33,non,oklch(24.1% 0.0428 285.0)
lavande,900,#14141E,oui,oklch(19.6% 0.0215 285.0)
lavande,950,#0B0B0B,oui,oklch(15.0% 0.0000 285.0)
petrole,50,#EDF7FD,oui,oklch(97.0% 0.0135 233.0)
petrole,100,#D1EBF9,oui,oklch(92.4% 0.0340 233.0)
petrole,150,#ABE0FD,non,oklch(87.9% 0.0672 233.0)
petrole,200,#92D2F5,oui,oklch(83.3% 0.0820 233.0)
petrole,250,#7AC4EC,non,oklch(78.8% 0.0936 233.0)
petrole,300,#63B7E2,oui,oklch(74.2% 0.1021 233.0)
petrole,350,#4FA8D5,non,oklch(69.7% 0.1077 233.0)
petrole,400,#3C9AC8,oui,oklch(65.1% 0.1103 233.0)
petrole,450,#2B8CB9,non,oklch(60.6% 0.1100 233.0)
petrole,500,#1C7EA9,oui,oklch(56.0% 0.1071 233.0)
petrole,550,#107098,non,oklch(51.4% 0.1016 233.0)
petrole,600,#096286,oui,oklch(46.9% 0.0939 233.0)
petrole,650,#085574,non,oklch(42.3% 0.0842 233.0)
petrole,700,#0B4862,oui,oklch(37.8% 0.0727 233.0)
petrole,750,#0E3B50,non,oklch(33.2% 0.0598 233.0)
petrole,800,#0F2E3D,oui,oklch(28.7% 0.0458 233.0)
petrole,850,#0F222C,non,oklch(24.1% 0.0309 233.0)
petrole,900,#0E161B,oui,oklch(19.6% 0.0155 233.0)
petrole,950,#0B0B0B,oui,oklch(15.0% 0.0000 233.0)
canard,50,#EBF8F8,oui,oklch(97.0% 0.0135 195.0)
canard,100,#CDEEED,oui,oklch(92.4% 0.0340 195.0)
canard,150,#99E8E7,non,oklch(87.9% 0.0776 195.0)
canard,200,#77DCDB,oui,oklch(83.3% 0.0946 195.0)
canard,250,#55CFCF,non,oklch(78.8% 0.1080 195.0)
canard,300,#2DC2C2,oui,oklch(74.2% 0.1179 195.0)
canard,350,#00B4B4,non,oklch(69.7% 0.1188 195.0)
canard,400,#00A4A4,oui,oklch(65.1% 0.1111 195.0)
canard,450,#009595,non,oklch(60.6% 0.1033 195.0)
canard,500,#008686,oui,oklch(56.0% 0.0956 195.0)
canard,550,#007777,non,oklch(51.4% 0.0878 195.0)
canard,600,#006868,oui,oklch(46.9% 0.0800 195.0)
canard,650,#005A5A,non,oklch(42.3% 0.0722 195.0)
canard,700,#004C4C,oui,oklch(37.8% 0.0644 195.0)
canard,750,#003F3F,non,oklch(33.2% 0.0567 195.0)
canard,800,#003232,oui,oklch(28.7% 0.0489 195.0)
canard,850,#062525,non,oklch(24.1% 0.0357 195.0)
canard,900,#0B1817,oui,oklch(19.6% 0.0179 195.0)
canard,950,#0B0B0B,oui,oklch(15.0% 0.0000 195.0)
prairie,50,#F0F7EF,oui,oklch(97.0% 0.0135 140.0)
prairie,100,#DBECD7,oui,oklch(92.4% 0.0340 140.0)
prairie,150,#BBE5B1,non,oklch(87.9% 0.0828 140.0)
prairie,200,#A5D99A,oui,oklch(83.3% 0.1009 140.0)
prairie,250,#92CC85,non,oklch(78.8% 0.1152 140.0)
prairie,300,#7FBF71,oui,oklch(74.2% 0.1257 140.0)
prairie,350,#6FB160,non,oklch(69.7% 0.1325 140.0)
prairie,400,#5FA350,oui,oklch(65.1% 0.1357 140.0)
prairie,450,#529543,non,oklch(60.6% 0.1354 140.0)
prairie,500,#468737,oui,oklch(56.0% 0.1318 140.0)
prairie,550,#3B782D,non,oklch(51.4% 0.1251 140.0)
prairie,600,#336A26,oui,oklch(46.9% 0.1156 140.0)
prairie,650,#2B5B20,non,oklch(42.3% 0.1036 140.0)
prairie,700,#254D1C,oui,oklch(37.8% 0.0895 140.0)
prairie,750,#1F3F18,non,oklch(33.2% 0.0736 140.0)
prairie,800,#1A3115,oui,oklch(28.7% 0.0563 140.0)
prairie,850,#162412,non,oklch(24.1% 0.0380 140.0)
prairie,900,#10170F,oui,oklch(19.6% 0.0191 140.0)
prairie,950,#0B0B0B,oui,oklch(15.0% 0.0000 140.0)
ambre,50,#FCF3EC,oui,oklch(97.0% 0.0135 65.0)
ambre,100,#F7E2CF,oui,oklch(92.4% 0.0340 65.0)
ambre,150,#FECC9E,non,oklch(87.9% 0.0828 65.0)
ambre,200,#F6BB81,oui,oklch(83.3% 0.1009 65.0)
ambre,250,#EDAA67,non,oklch(78.8% 0.1152 65.0)
ambre,300,#E29A4E,oui,oklch(74.2% 0.1257 65.0)
ambre,350,#D58A37,non,oklch(69.7% 0.1325 65.0)
ambre,400,#C77C1F,oui,oklch(65.1% 0.1357 65.0)
ambre,450,#B86E02,non,oklch(60.6% 0.1354 65.0)
ambre,500,#A66200,oui,oklch(56.0% 0.1256 65.0)
ambre,550,#945700,non,oklch(51.4% 0.1154 65.0)
ambre,600,#824C00,oui,oklch(46.9% 0.1052 65.0)
ambre,650,#714100,non,oklch(42.3% 0.0950 65.0)
ambre,700,#603700,oui,oklch(37.8% 0.0847 65.0)
ambre,750,#4F2D01,non,oklch(33.2% 0.0736 65.0)
ambre,800,#3D2407,oui,oklch(28.7% 0.0563 65.0)
ambre,850,#2C1C0B,non,oklch(24.1% 0.0380 65.0)
ambre,900,#1B130C,oui,oklch(19.6% 0.0191 65.0)
ambre,950,#0B0B0B,oui,oklch(15.0% 0.0000 65.0)
ardoise,50,#F2F6F8,oui,oklch(97.0% 0.0052 235.0)
ardoise,100,#E0E7EB,oui,oklch(92.4% 0.0091 235.0)
ardoise,150,#D0D9DE,non,oklch(87.9% 0.0124 235.0)
ardoise,200,#BFCAD1,oui,oklch(83.3% 0.0151 235.0)
ardoise,250,#B0BCC3,non,oklch(78.8% 0.0173 235.0)
ardoise,300,#A1AEB6,oui,oklch(74.2% 0.0189 235.0)
ardoise,350,#92A0A8,non,oklch(69.7% 0.0199 235.0)
ardoise,400,#84929A,oui,oklch(65.1% 0.0204 235.0)
ardoise,450,#77848C,non,oklch(60.6% 0.0203 235.0)
ardoise,500,#6A777F,oui,oklch(56.0% 0.0198 235.0)
ardoise,550,#5D6971,non,oklch(51.4% 0.0188 235.0)
ardoise,600,#515C63,oui,oklch(46.9% 0.0173 235.0)
ardoise,650,#465055,non,oklch(42.3% 0.0155 235.0)
ardoise,700,#3B4348,oui,oklch(37.8% 0.0134 235.0)
ardoise,750,#31373B,non,oklch(33.2% 0.0110 235.0)
ardoise,800,#272B2E,oui,oklch(28.7% 0.0084 235.0)
ardoise,850,#1D2022,non,oklch(24.1% 0.0057 235.0)
ardoise,900,#141516,oui,oklch(19.6% 0.0029 235.0)
ardoise,950,#0B0B0B,oui,oklch(15.0% 0.0000 235.0)
